{"total":{"total":61424,"totalSubstantivo":{"total":40953,"average":66.67263610315186,"totalsubstantivoFeminino":{"total":21543,"average":52.604204820159694},"totalSubstantivoMasculino":{"total":19410,"average":47.395795179840306}},"totalVerbo":{"total":6956,"average":11.324563688460536},"totalAdjetivo":{"total":13515,"average":22.0028002083876,"sufixo":{"sufixoAnde":{"total":883,"average":6.5334813170551245},"sufixoAl":{"total":707,"average":5.2312245652978175},"sufixoAdo":{"total":1560,"average":11.542730299667037},"sufixoVel":{"total":631,"average":4.668886422493526},"sufixoOso":{"total":665,"average":4.920458749537551}}}}}